<?xml version="1.0" encoding="UTF-8"?>
<!DOCTYPE log4j:configuration SYSTEM "log4j.dtd">

<log4j:configuration xmlns:log4j="http://jakarta.apache.org/log4j/">

	<appender name="CONSOLE" class="org.apache.log4j.ConsoleAppender">
		<param name="threshold" value="INFO" />
		<layout class="org.apache.log4j.PatternLayout">
			<param name="ConversionPattern" value="[%p] %m%n" />
		</layout>
	</appender>

	<appender name="NULL" class="org.apache.log4j.varia.NullAppender"/>

	<logger name="app.log">
		<level value="INFO" />
		<appender-ref ref="CONSOLE" />
	</logger>

	<logger name="org">
		<level value="WARN" />
		<appender-ref ref="CONSOLE" />
	</logger>

    <root>
		<level value="DEBUG" />
		<appender-ref ref="NULL" />
    </root>
    
</log4j:configuration>




