<?xml version="1.0" encoding="UTF-8"?>
<beans xmlns="http://www.springframework.org/schema/beans"
       xmlns:xsi="http://www.w3.org/2001/XMLSchema-instance"
	   xmlns:jms="http://www.springframework.org/schema/jms"
       xsi:schemaLocation="
       http://www.springframework.org/schema/beans spring-beans-4.0.xsd
	   http://www.springframework.org/schema/jms spring-jms-4.0.xsd">

	<bean id="jndiTemplate" class="org.springframework.jndi.JndiTemplate"> 
       <property name="environment"> 
          <props> 
             <prop key="java.naming.factory.initial">
                   org.apache.activemq.jndi.ActiveMQInitialContextFactory</prop> 
             <prop key="java.naming.provider.url">tcp://localhost:61616</prop> 
             <prop key="java.naming.security.principal">system</prop> 
             <prop key="java.naming.security.credentials">manager</prop> 
          </props> 
       </property> 
    </bean> 

	<bean id="jndiConnectionFactory" 
	      class="org.springframework.jndi.JndiObjectFactoryBean"> 
       <property name="jndiTemplate" ref="jndiTemplate"/> 
       <property name="jndiName" value="ConnectionFactory"/> 
    </bean> 

    <bean id="connectionFactory" 
          class="org.springframework.jms.connection.CachingConnectionFactory"> 
        <property name="targetConnectionFactory" ref="jndiConnectionFactory"/> 
        <property name="sessionCacheSize" value="1"/> 
    </bean>        

	<bean id="destinationResolver" 
	      class="org.springframework.jms.support.destination.JndiDestinationResolver"> 
	   <property name="jndiTemplate" ref="jndiTemplate"/> 
	   <property name="cache" value="true"/> 
	   <property name="fallbackToDynamicDestination" value="false"/> 
	</bean> 

	<bean id="jmsTemplate" class="org.springframework.jms.core.JmsTemplate"> 
	   <property name="connectionFactory" ref="connectionFactory"/> 
	   <property name="destinationResolver" ref="destinationResolver"/> 
	   <property name="defaultDestinationName" value="EM_SP_TRADE.Q"/> 
	   <property name="pubSubDomain" value="false"/> 
	</bean> 

	<bean id="messageListener1" class="oreilly.video.messaging.TradeProcessor" />
	
	<bean id="messageListener2" 
	      class="org.springframework.jms.listener.adapter.MessageListenerAdapter">
       <constructor-arg>
          <bean class="oreilly.video.messaging.TradeProcessor"/>
       </constructor-arg>
       <property name="defaultListenerMethod" value="placeTrade"/>
    </bean>
	
	<jms:listener-container connection-factory="connectionFactory"
                            destination-resolver="destinationResolver"
                            concurrency="2">
       <jms:listener destination="EM_SP_TRADE.Q" selector="Trader = 'Mark'" ref="messageListener2"/>
	</jms:listener-container>


</beans>        

















