<?xml version="1.0" encoding="UTF-8"?>
<beans xmlns="http://www.springframework.org/schema/beans"
		xmlns:xsi="http://www.w3.org/2001/XMLSchema-instance"
		xmlns:aop="http://www.springframework.org/schema/aop"
		xmlns:jms="http://www.springframework.org/schema/jms"
		xsi:schemaLocation="
			http://www.springframework.org/schema/beans http://www.springframework.org/schema/beans/spring-beans-2.5.xsd
			http://www.springframework.org/schema/aop http://www.springframework.org/schema/aop/spring-aop-2.5.xsd
			http://www.springframework.org/schema/jms http://www.springframework.org/schema/jms/spring-jms-2.5.xsd">

	<bean id="tradeProcessor" class="oreilly.video.messaging.TradeProcessor"/> 

	<bean id="queueConnectionFactory" class="org.apache.activemq.ActiveMQConnectionFactory"> 
   		<property name="brokerURL" value="tcp://localhost:61616"/> 
	</bean> 

	<bean id="jmsTemplate" class="org.springframework.jms.core.JmsTemplate"> 
	   <property name="connectionFactory" ref="queueConnectionFactory"/> 
	   <property name="defaultDestinationName" value="TRADE.SPRING.Q"/> 
	</bean> 

	<bean id="messageListener" 
	      class="org.springframework.jms.listener.adapter.MessageListenerAdapter">
       <property name="delegate" ref="tradeProcessor"/>
       <property name="defaultListenerMethod" value="processTrade"/>
    </bean>

	<jms:listener-container connection-factory="queueConnectionFactory"
                            concurrency="60-60">
       <jms:listener destination="TRADE.SPRING.Q" ref="messageListener"/>
	</jms:listener-container>

</beans>        

















